{"cameraMode":{"drawMode":0,"name":"Shaded","section":"Shading Mode"},"sceneLighting":false,"audioPlay":false,"sceneViewState":{"m_AlwaysRefresh":false,"showFog":false,"showSkybox":false,"showFlares":false,"showImageEffects":false,"showParticleSystems":false,"showVisualEffectGraphs":true,"m_FxEnabled":true},"in2DMode":false,"pivot":{"x":-0.5310153365135193,"y":0.2698433995246887,"z":-0.42105698585510256},"rotation":{"x":0.005452481564134359,"y":0.9844118356704712,"z":-0.17303745448589326,"w":0.03101923316717148},"size":0.973480761051178,"orthographic":false}