{"cameraMode":{"drawMode":0,"name":"Shaded","section":"Shading Mode"},"sceneLighting":true,"audioPlay":false,"sceneViewState":{"m_AlwaysRefresh":false,"showFog":true,"showSkybox":true,"showFlares":true,"showImageEffects":true,"showParticleSystems":true,"showVisualEffectGraphs":true,"m_FxEnabled":true},"in2DMode":false,"pivot":{"x":0.2640245258808136,"y":0.46147674322128298,"z":0.12431603670120239},"rotation":{"x":-0.002489002887159586,"y":0.4158460795879364,"z":0.0010277677793055773,"w":0.9097089767456055},"size":0.8818902969360352,"orthographic":false}