{"cameraMode":{"drawMode":0,"name":"Shaded","section":"Shading Mode"},"sceneLighting":true,"audioPlay":false,"sceneViewState":{"m_AlwaysRefresh":false,"showFog":true,"showSkybox":true,"showFlares":true,"showImageEffects":true,"showParticleSystems":true,"showVisualEffectGraphs":true,"m_FxEnabled":true},"in2DMode":false,"pivot":{"x":0.4056190252304077,"y":0.6022642850875855,"z":-0.7437798380851746},"rotation":{"x":0.005452481564134359,"y":0.9844118356704712,"z":-0.17303745448589326,"w":0.03101923316717148},"size":1.3203972578048707,"orthographic":true}